{
  "KakaoTalk_20260224_092400708_01": {
    "xPct": 45.64463151570411,
    "yPct": 13.191570943672723,
    "rotate": -2.0837487680717004
  },
  "KakaoTalk_20260224_092400708_02": {
    "xPct": 54.20055908094658,
    "yPct": 12.818538815535337,
    "rotate": -0.49292266194242984
  },
  "KakaoTalk_20260301_084828399": {
    "xPct": 41.511302643099576,
    "yPct": 52.91911666951726,
    "rotate": -0.1607004809193313
  },
  "KakaoTalk_20260301_084828399_01": {
    "xPct": 58.68848218500122,
    "yPct": 54.14639203887371,
    "rotate": 3.5141904637566768
  }
}