{
  "KakaoTalk_20260224_092400708_01": {
    "xPct": 42.37852111658643,
    "yPct": 8.889894539795932,
    "rotate": -2.0837487680717004
  },
  "KakaoTalk_20260224_092400708_02": {
    "xPct": 58.135630404114316,
    "yPct": 8.293400003177183,
    "rotate": -0.49292266194242984
  },
  "KakaoTalk_20260301_084828399": {
    "xPct": 41.89186601432153,
    "yPct": 28.494529342029594,
    "rotate": -0.1607004809193313
  },
  "KakaoTalk_20260301_084828399_01": {
    "xPct": 60.21585810532385,
    "yPct": 29.14631920631163,
    "rotate": 3.5141904637566768
  }
}