{
  "KakaoTalk_20260224_092400708_01": {
    "xPct": 45.35642591492093,
    "yPct": 18.807650416988892,
    "rotate": -2.0837487680717004
  },
  "KakaoTalk_20260224_092400708_02": {
    "xPct": 54.2980307383637,
    "yPct": 18.537684849330358,
    "rotate": -0.49292266194242984
  }
}