{
  "KakaoTalk_20260224_092400708_01": {
    "x": -105.5999755859375,
    "y": 142.4000244140625,
    "rotate": -2.0837487680717004
  },
  "KakaoTalk_20260224_092400708_02": {
    "x": 312.79994201660156,
    "y": -246.39999389648438,
    "rotate": -0.49292266194242984
  }
}