{
  "KakaoTalk_20260224_092400708_01": {
    "x": 349.60003662109375,
    "y": 180.00003051757812,
    "rotate": -2.0837487680717004
  },
  "KakaoTalk_20260224_092400708_02": {
    "x": 146.40008544921875,
    "y": 177.60000610351562,
    "rotate": -0.49292266194242984
  }
}