{
  "KakaoTalk_20260224_092400708_01": {
    "xPct": 42.37852111658643,
    "yPct": 8.889894539795932,
    "rotate": -2.0837487680717004
  },
  "KakaoTalk_20260224_092400708_02": {
    "xPct": 58.135630404114316,
    "yPct": 8.293400003177183,
    "rotate": -0.49292266194242984
  }
}